"Final_Bucket","Coverage_Score_Pct","N_Offers_Standard","N_Offers_Gap","Total_Offers"
"PRODUCTION_LOGISTICS",24.9,572,1722,2294
"FINANCE_ACCOUNTING",37,1235,2102,3337
"HR_RECRUITMENT",38.4,462,742,1204
"AI_ARTIFICIAL_INTELLIGENCE",42,277,383,660
"LEGAL_ECONOMY_ESG",49.8,729,736,1465
"E_COMMERCE_MARKETING",51.4,773,731,1504
"MANAGEMENT_INFORMATION_SYSTEMS",55.4,2975,2395,5370
"PROGRAMMING_WEB",66.7,529,264,793
"IT_SERVICES_CLOUD_UX",66.8,939,467,1406
"QUALITY_MANAGEMENT",69.8,2095,906,3001
"BIG_DATA_DATABASES",74.3,800,276,1076
"STAKEHOLDER_CLIENT_RELATIONS",85.8,4210,694,4904
"SOFT_INTERPERSONAL",86.4,7071,1110,8181
"ERGONOMICS_WORKPLACE",87.3,145,21,166
"PROCESS_OPTIMIZATION",87.9,5345,735,6080
"DATA_ANALYSIS_STATS",88.2,4055,542,4597
"INNOVATION_ENTREPRENEURSHIP",90.9,668,67,735
"PROJECT_MANAGEMENT",95.3,3515,173,3688
"LEADERSHIP_DECISION_MAKING",95.7,2838,128,2966
