"Final_Bucket","N_Offers","Demand_Scaled","Pct_Standard","Gap_Index"
"SOFT_INTERPERSONAL",7384,100,86.4,13.6
"MANAGEMENT_INFORMATION_SYSTEMS",4531,61.4,55.4,6
"FINANCE_ACCOUNTING",3148,42.6,37,5.6
"PRODUCTION_LOGISTICS",2053,27.8,24.9,2.9
"PROCESS_OPTIMIZATION",5694,77.1,87.9,-10.8
"STAKEHOLDER_CLIENT_RELATIONS",4741,64.2,85.8,-21.6
"HR_RECRUITMENT",1063,14.4,38.4,-24
"DATA_ANALYSIS_STATS",4333,58.7,88.2,-29.5
"LEGAL_ECONOMY_ESG",1444,19.6,49.8,-30.2
"QUALITY_MANAGEMENT",2860,38.7,69.8,-31.1
"E_COMMERCE_MARKETING",1314,17.8,51.4,-33.6
"AI_ARTIFICIAL_INTELLIGENCE",502,6.8,42,-35.2
"PROJECT_MANAGEMENT",3581,48.5,95.3,-46.8
"IT_SERVICES_CLOUD_UX",1230,16.7,66.8,-50.1
"LEADERSHIP_DECISION_MAKING",2933,39.7,95.7,-56
"PROGRAMMING_WEB",296,4,66.7,-62.7
"BIG_DATA_DATABASES",611,8.3,74.3,-66
"INNOVATION_ENTREPRENEURSHIP",724,9.8,90.9,-81.1
"ERGONOMICS_WORKPLACE",166,2.2,87.3,-85.1
