"Final_Bucket","N_Offers","N_Competences","N_Occurrences","Pct_Offers","Pct_Occur"
"SOFT_INTERPERSONAL",7384,10041,16554,84.4,20.9
"PROCESS_OPTIMIZATION",5694,8059,9091,65.1,11.5
"STAKEHOLDER_CLIENT_RELATIONS",4741,5200,6268,54.2,7.9
"MANAGEMENT_INFORMATION_SYSTEMS",4531,5086,6163,51.8,7.8
"DATA_ANALYSIS_STATS",4333,5033,6307,49.5,8
"PROJECT_MANAGEMENT",3581,4850,5595,40.9,7.1
"FINANCE_ACCOUNTING",3148,5771,6450,36,8.2
"LEADERSHIP_DECISION_MAKING",2933,3218,3884,33.5,4.9
"QUALITY_MANAGEMENT",2860,3502,3905,32.7,4.9
"PRODUCTION_LOGISTICS",2053,3281,3723,23.5,4.7
"LEGAL_ECONOMY_ESG",1444,1524,1678,16.5,2.1
"E_COMMERCE_MARKETING",1314,2509,2751,15,3.5
"IT_SERVICES_CLOUD_UX",1230,1842,1927,14.1,2.4
"HR_RECRUITMENT",1063,1679,1908,12.1,2.4
"INNOVATION_ENTREPRENEURSHIP",724,685,783,8.3,1
"BIG_DATA_DATABASES",611,760,805,7,1
"AI_ARTIFICIAL_INTELLIGENCE",502,751,796,5.7,1
"PROGRAMMING_WEB",296,346,357,3.4,0.5
"ERGONOMICS_WORKPLACE",166,149,174,1.9,0.2
