"Final_Bucket","rank","Competence_Name","N_Offers","variants"
"SOFT_INTERPERSONAL",1,"Teamwork and Collaboration",1181,"Umiejętność pracy w zespole | Teamwork | Cross-functional collaboration"
"SOFT_INTERPERSONAL",2,"Professional Communication",858,"Communication Skills | Komunikatywność | Communication and Teamwork"
"SOFT_INTERPERSONAL",3,"Self-Management and Organization",647,"Samodzielność | Dobra organizacja pracy | Organizational skills"
"DATA_ANALYSIS_STATS",1,"Analytical Thinking and Problem Solving",455,"Analytical skills | Analytical Thinking | Zdolności analityczne"
"STAKEHOLDER_CLIENT_RELATIONS",1,"Stakeholder and Client Relationship Management",354,"Stakeholder management | Stakeholder Management and Collaboration | Relationship Building / Stakeholder Management"
"PROCESS_OPTIMIZATION",1,"Process Optimization and Improvement",349,"Process optimization | Continuous Improvement | Process Improvement"
"MANAGEMENT_INFORMATION_SYSTEMS",1,"Advanced MS Excel Proficiency",245,"MS Excel proficiency | MS Office/Excel proficiency | Znajomość pakietu MS Office (Excel)"
"SOFT_INTERPERSONAL",4,"Analytical and Problem-Solving Skills",233,"Problem solving | Analytical Thinking | Analityczne myślenie"
"SOFT_INTERPERSONAL",5,"Attention to Detail and Accuracy",230,"Dokładność | Attention to detail | Skrupulatność"
"DATA_ANALYSIS_STATS",2,"Data Analysis and Reporting",203,"Data Analysis | Data Analysis and Reporting | Data analysis / Reporting"
"PROJECT_MANAGEMENT",1,"Project Management",197,"Project Management | Zarządzanie projektami | Project Management (end-to-end)"
"LEADERSHIP_DECISION_MAKING",1,"Team Management and Supervision",167,"Team management | Zarządzanie zespołem | Team Management and Leadership"
"SOFT_INTERPERSONAL",6,"Responsibility and Commitment",165,"Odpowiedzialność | Samodzielność i odpowiedzialność | Responsibility"
"MANAGEMENT_INFORMATION_SYSTEMS",2,"General MS Office Suite Proficiency",157,"MS Office Proficiency | Znajomość pakietu MS Office | Podstawowa znajomość pakietu MS Office"
"PROCESS_OPTIMIZATION",2,"Work Organization and Planning (PROCESS_OPTIMIZATION)",139,"Dobra organizacja pracy | Organizzazione pracy | Work Organization"
"MANAGEMENT_INFORMATION_SYSTEMS",3,"SAP System Expertise",110,"SAP Knowledge | Znajomość systemu SAP | SAP system knowledge"
"STAKEHOLDER_CLIENT_RELATIONS",2,"Client and Customer Relationship Management",106,"Client/Customer Management | Obsługa klienta | Customer Service / Client Management"
"LEADERSHIP_DECISION_MAKING",2,"Decision Making",99,"Decision Making | Podejmowanie decyzji | Data-driven decision making"
"LEGAL_ECONOMY_ESG",1,"Labor Law and Social Security Compliance",98,"Labor Law Knowledge | Monitorowanie zmian przepisów prawa i znajomość prawa pracy | Znajomość przepisów prawa pracy i ubezpieczeń społecznych"
"FINANCE_ACCOUNTING",1,"Financial Reporting",97,"Sporządzanie sprawozdań finansowych | Financial reporting | Przygotowywanie sprawozdań finansowych"
"PROJECT_MANAGEMENT",2,"Work Organization and Planning (PROJECT_MANAGEMENT)",96,"Dobra organizacja pracy | Organizacja pracy | Planning and Organization"
"HR_RECRUITMENT",1,"Recruitment Process Management",95,"Recruitment Process Management | Recruitment | End-to-end Recruitment Process Management"
"DATA_ANALYSIS_STATS",3,"Data Compilation and Reporting",81,"Reporting | Przygotowywanie raportów i zestawień | Performance monitoring and reporting"
"STAKEHOLDER_CLIENT_RELATIONS",3,"Negotiation and Conflict Resolution",81,"Negotiation | Negotiation skills | Zdolności negocjacyjne"
"STAKEHOLDER_CLIENT_RELATIONS",4,"Cross-functional and External Partnership Management",80,"Stakeholder Management and Cross-functional Collaboration | Współpraca z podmiotami i instytucjami oraz wsparcie merytoryczne | Współpraca z instytucjami zewnętrznymi"
"MANAGEMENT_INFORMATION_SYSTEMS",4,"General ERP System Knowledge",75,"ERP system knowledge | ERP system usage | Znajomość systemów ERP"
"LEADERSHIP_DECISION_MAKING",3,"Leadership and Vision",67,"Team Management / Leadership | Leadership and Team Management | Team Leadership and Management"
"FINANCE_ACCOUNTING",2,"Full Accounting and Bookkeeping",64,"Prowadzenie pełnej księgowości | Accounting/Bookkeeping | Financial Accounting and Bookkeeping"
"DATA_ANALYSIS_STATS",4,"Financial Analysis",62,"Financial Analysis | Financial data analysis | Profitability Analysis"
"PRODUCTION_LOGISTICS",1,"Warehouse and Inventory Operations",62,"Doświadczenie w pracy na magazynie | Logistics and warehouse operations (loading, unloading, material handling, inventory control) | Doświadczenie w pracy w magazynie lub sklepie internetowym"
