"Final_Bucket","Status","N_Offers","Total","Pct"
"AI_ARTIFICIAL_INTELLIGENCE","Gap",328,577,56.8
"AI_ARTIFICIAL_INTELLIGENCE","Standard",249,577,43.2
"BIG_DATA_DATABASES","Gap",168,629,26.7
"BIG_DATA_DATABASES","Standard",461,629,73.3
"DATA_ANALYSIS_STATS","Gap",478,4469,10.7
"DATA_ANALYSIS_STATS","Standard",3991,4469,89.3
"ERGONOMICS_WORKPLACE","Gap",21,166,12.7
"ERGONOMICS_WORKPLACE","Standard",145,166,87.3
"E_COMMERCE_MARKETING","Gap",726,1491,48.7
"E_COMMERCE_MARKETING","Standard",765,1491,51.3
"FINANCE_ACCOUNTING","Gap",2092,3329,62.8
"FINANCE_ACCOUNTING","Standard",1237,3329,37.2
"HR_RECRUITMENT","Gap",741,1204,61.5
"HR_RECRUITMENT","Standard",463,1204,38.5
"INNOVATION_ENTREPRENEURSHIP","Gap",64,727,8.8
"INNOVATION_ENTREPRENEURSHIP","Standard",663,727,91.2
"IT_SERVICES_CLOUD_UX","Gap",436,1338,32.6
"IT_SERVICES_CLOUD_UX","Standard",902,1338,67.4
"LEADERSHIP_DECISION_MAKING","Gap",128,2948,4.3
"LEADERSHIP_DECISION_MAKING","Standard",2820,2948,95.7
"LEGAL_ECONOMY_ESG","Gap",731,1459,50.1
"LEGAL_ECONOMY_ESG","Standard",728,1459,49.9
"MANAGEMENT_INFORMATION_SYSTEMS","Gap",2366,5269,44.9
"MANAGEMENT_INFORMATION_SYSTEMS","Standard",2903,5269,55.1
"PROCESS_OPTIMIZATION","Gap",733,5977,12.3
"PROCESS_OPTIMIZATION","Standard",5244,5977,87.7
"PRODUCTION_LOGISTICS","Gap",1719,2291,75
"PRODUCTION_LOGISTICS","Standard",572,2291,25
"PROGRAMMING_WEB","Gap",125,316,39.6
"PROGRAMMING_WEB","Standard",191,316,60.4
"PROJECT_MANAGEMENT","Gap",169,3650,4.6
"PROJECT_MANAGEMENT","Standard",3481,3650,95.4
"QUALITY_MANAGEMENT","Gap",901,2980,30.2
"QUALITY_MANAGEMENT","Standard",2079,2980,69.8
"SOFT_INTERPERSONAL","Gap",1104,8135,13.6
"SOFT_INTERPERSONAL","Standard",7031,8135,86.4
"STAKEHOLDER_CLIENT_RELATIONS","Gap",690,4871,14.2
"STAKEHOLDER_CLIENT_RELATIONS","Standard",4181,4871,85.8
