"Final_Bucket","N_Distinct_Competences","N_Offers","N_Rows","Pct_Offers"
"SOFT_INTERPERSONAL",10041,7384,16554,84.4
"PROCESS_OPTIMIZATION",8059,5694,9091,65.1
"STAKEHOLDER_CLIENT_RELATIONS",5200,4741,6268,54.2
"MANAGEMENT_INFORMATION_SYSTEMS",5086,4531,6163,51.8
"DATA_ANALYSIS_STATS",5033,4333,6307,49.5
"PROJECT_MANAGEMENT",4850,3581,5595,40.9
"FINANCE_ACCOUNTING",5771,3148,6450,36
"LEADERSHIP_DECISION_MAKING",3218,2933,3884,33.5
"QUALITY_MANAGEMENT",3502,2860,3905,32.7
"PRODUCTION_LOGISTICS",3281,2053,3723,23.5
"LEGAL_ECONOMY_ESG",1524,1444,1678,16.5
"OTHER_UNCLASSIFIED",1637,1432,1751,16.4
"E_COMMERCE_MARKETING",2509,1314,2751,15
"IT_SERVICES_CLOUD_UX",1842,1230,1927,14.1
"HR_RECRUITMENT",1679,1063,1908,12.1
"INNOVATION_ENTREPRENEURSHIP",685,724,783,8.3
"BIG_DATA_DATABASES",760,611,805,7
"AI_ARTIFICIAL_INTELLIGENCE",751,502,796,5.7
"PROGRAMMING_WEB",346,296,357,3.4
"ERGONOMICS_WORKPLACE",149,166,174,1.9
