"Competence_Name","Matched_Code","Status","Source","Final_Bucket","N_Offers_Requiring","Pct_Of_All_Offers"
"Stakeholder Management","competency_gap","Gap","Text_Analysis","STAKEHOLDER_CLIENT_RELATIONS",37,0.4
"Znajomość systemu SAP","competency_gap","Gap","Text_Analysis","MANAGEMENT_INFORMATION_SYSTEMS",32,0.3
"Sporządzanie sprawozdań finansowych","competency_gap","Gap","Text_Analysis","FINANCE_ACCOUNTING",27,0.3
"SAP knowledge","competency_gap","Gap","Text_Analysis","MANAGEMENT_INFORMATION_SYSTEMS",26,0.3
"Attention to detail","competency_gap","Gap","Text_Analysis","SOFT_INTERPERSONAL",25,0.3
"Prowadzenie pełnej księgowości","competency_gap","Gap","Text_Analysis","FINANCE_ACCOUNTING",22,0.2
"Recruitment Process Management","competency_gap","Gap","Text_Analysis","HR_RECRUITMENT",21,0.2
"Financial Reporting","competency_gap","Gap","Text_Analysis","FINANCE_ACCOUNTING",20,0.2
"Adaptability","competency_gap","Gap","Text_Analysis","SOFT_INTERPERSONAL",19,0.2
"Creativity","competency_gap","Gap","Text_Analysis","SOFT_INTERPERSONAL",18,0.2
"Dokładność","competency_gap","Gap","Text_Analysis","SOFT_INTERPERSONAL",18,0.2
"Recruitment","competency_gap","Gap","Text_Analysis","HR_RECRUITMENT",18,0.2
"Obsługa wózka widłowego","competency_gap","Gap","Text_Analysis","PRODUCTION_LOGISTICS",16,0.2
"Supply Chain Management","competency_gap","Gap","Text_Analysis","PRODUCTION_LOGISTICS",16,0.2
"Umiejętność pracy pod presją czasu","competency_gap","Gap","Text_Analysis","SOFT_INTERPERSONAL",16,0.2
"Znajomość systemów ERP","competency_gap","Gap","Text_Analysis","MANAGEMENT_INFORMATION_SYSTEMS",16,0.2
"Social Media Management","competency_gap","Gap","Text_Analysis","E_COMMERCE_MARKETING",15,0.2
"Client/Customer Management","competency_gap","Gap","Text_Analysis","STAKEHOLDER_CLIENT_RELATIONS",14,0.2
"Doświadczenie w firmie produkcyjnej","competency_gap","Gap","Text_Analysis","PRODUCTION_LOGISTICS",14,0.2
"Doświadczenie w pracy na magazynie","competency_gap","Gap","Text_Analysis","PRODUCTION_LOGISTICS",14,0.2
"ERP System Knowledge","competency_gap","Gap","Text_Analysis","MANAGEMENT_INFORMATION_SYSTEMS",14,0.2
"SAP Knowledge","competency_gap","Gap","Text_Analysis","MANAGEMENT_INFORMATION_SYSTEMS",14,0.2
"Willingness to learn","competency_gap","Gap","Text_Analysis","SOFT_INTERPERSONAL",14,0.2
"End-to-end recruitment process management","competency_gap","Gap","Text_Analysis","HR_RECRUITMENT",13,0.1
"Inventory Management","competency_gap","Gap","Text_Analysis","PRODUCTION_LOGISTICS",12,0.1
