"Competence_Name","Matched_Code","Status","Source","Final_Bucket","N_Offers_Requiring","Pct_Of_All_Offers","Recommendation"
"Stakeholder Management","competency_gap","Gap","Text_Analysis","STAKEHOLDER_CLIENT_RELATIONS",37,0.4,"Add/strengthen 'Stakeholder Management' -- required in 37 offers (0.4% of all)"
"Znajomość systemu SAP","competency_gap","Gap","Text_Analysis","MANAGEMENT_INFORMATION_SYSTEMS",32,0.3,"Add/strengthen 'Znajomość systemu SAP' -- required in 32 offers (0.3% of all)"
"Sporządzanie sprawozdań finansowych","competency_gap","Gap","Text_Analysis","FINANCE_ACCOUNTING",27,0.3,"Add/strengthen 'Sporządzanie sprawozdań finansowych' -- required in 27 offers (0.3% of all)"
"SAP knowledge","competency_gap","Gap","Text_Analysis","MANAGEMENT_INFORMATION_SYSTEMS",26,0.3,"Add/strengthen 'SAP knowledge' -- required in 26 offers (0.3% of all)"
"Attention to detail","competency_gap","Gap","Text_Analysis","SOFT_INTERPERSONAL",25,0.3,"Add/strengthen 'Attention to detail' -- required in 25 offers (0.3% of all)"
"Prowadzenie pełnej księgowości","competency_gap","Gap","Text_Analysis","FINANCE_ACCOUNTING",22,0.2,"Add/strengthen 'Prowadzenie pełnej księgowości' -- required in 22 offers (0.2% of all)"
"Recruitment Process Management","competency_gap","Gap","Text_Analysis","HR_RECRUITMENT",21,0.2,"Add/strengthen 'Recruitment Process Management' -- required in 21 offers (0.2% of all)"
"Financial Reporting","competency_gap","Gap","Text_Analysis","FINANCE_ACCOUNTING",20,0.2,"Add/strengthen 'Financial Reporting' -- required in 20 offers (0.2% of all)"
"Adaptability","competency_gap","Gap","Text_Analysis","SOFT_INTERPERSONAL",19,0.2,"Add/strengthen 'Adaptability' -- required in 19 offers (0.2% of all)"
"Recruitment","competency_gap","Gap","Text_Analysis","HR_RECRUITMENT",18,0.2,"Add/strengthen 'Recruitment' -- required in 18 offers (0.2% of all)"
"Creativity","competency_gap","Gap","Text_Analysis","SOFT_INTERPERSONAL",18,0.2,"Add/strengthen 'Creativity' -- required in 18 offers (0.2% of all)"
"Znajomość systemów ERP","competency_gap","Gap","Text_Analysis","MANAGEMENT_INFORMATION_SYSTEMS",16,0.2,"Add/strengthen 'Znajomość systemów ERP' -- required in 16 offers (0.2% of all)"
"Obsługa wózka widłowego","competency_gap","Gap","Text_Analysis","PRODUCTION_LOGISTICS",16,0.2,"Add/strengthen 'Obsługa wózka widłowego' -- required in 16 offers (0.2% of all)"
"Supply Chain Management","competency_gap","Gap","Text_Analysis","PRODUCTION_LOGISTICS",16,0.2,"Add/strengthen 'Supply Chain Management' -- required in 16 offers (0.2% of all)"
"Social Media Management","competency_gap","Gap","Text_Analysis","E_COMMERCE_MARKETING",15,0.2,"Add/strengthen 'Social Media Management' -- required in 15 offers (0.2% of all)"
"Doświadczenie w firmie produkcyjnej","competency_gap","Gap","Text_Analysis","PRODUCTION_LOGISTICS",14,0.2,"Add/strengthen 'Doświadczenie w firmie produkcyjnej' -- required in 14 offers (0.2% of all)"
"Client/Customer Management","competency_gap","Gap","Text_Analysis","STAKEHOLDER_CLIENT_RELATIONS",14,0.2,"Add/strengthen 'Client/Customer Management' -- required in 14 offers (0.2% of all)"
"End-to-end recruitment process management","competency_gap","Gap","Text_Analysis","HR_RECRUITMENT",13,0.1,"Add/strengthen 'End-to-end recruitment process management' -- required in 13 offers (0.1% of all)"
"Quality Management","competency_gap","Gap","Text_Analysis","QUALITY_MANAGEMENT",12,0.1,"Add/strengthen 'Quality Management' -- required in 12 offers (0.1% of all)"
"Monitorowanie zmian przepisów prawa i znajomość prawa pracy","competency_gap","Gap","Text_Analysis","LEGAL_ECONOMY_ESG",11,0.1,"Add/strengthen 'Monitorowanie zmian przepisów prawa i znajomość prawa pracy' -- required in 11 offers (0.1% of all)"
"Auditing","competency_gap","Gap","Text_Analysis","QUALITY_MANAGEMENT",10,0.1,"Add/strengthen 'Auditing' -- required in 10 offers (0.1% of all)"
"Digital Marketing","competency_gap","Gap","Text_Analysis","E_COMMERCE_MARKETING",9,0.1,"Add/strengthen 'Digital Marketing' -- required in 9 offers (0.1% of all)"
"E-commerce Domain Knowledge","competency_gap","Gap","Text_Analysis","E_COMMERCE_MARKETING",9,0.1,"Add/strengthen 'E-commerce Domain Knowledge' -- required in 9 offers (0.1% of all)"
"Dbanie o powierzony sprzęt firmowy","competency_gap","Gap","Text_Analysis","QUALITY_MANAGEMENT",9,0.1,"Add/strengthen 'Dbanie o powierzony sprzęt firmowy' -- required in 9 offers (0.1% of all)"
"Negotiation","competency_gap","Gap","Text_Analysis","STAKEHOLDER_CLIENT_RELATIONS",9,0.1,"Add/strengthen 'Negotiation' -- required in 9 offers (0.1% of all)"
"Continuous Improvement","competency_gap","Gap","Text_Analysis","PROCESS_OPTIMIZATION",7,0.1,"Add/strengthen 'Continuous Improvement' -- required in 7 offers (0.1% of all)"
"Risk Management","competency_gap","Gap","Text_Analysis","PROJECT_MANAGEMENT",7,0.1,"Add/strengthen 'Risk Management' -- required in 7 offers (0.1% of all)"
"Analytical skills","competency_gap","Gap","Text_Analysis","DATA_ANALYSIS_STATS",6,0.1,"Add/strengthen 'Analytical skills' -- required in 6 offers (0.1% of all)"
"Automotive Industry Knowledge","competency_gap","Gap","Text_Analysis","OTHER_UNCLASSIFIED",6,0.1,"Add/strengthen 'Automotive Industry Knowledge' -- required in 6 offers (0.1% of all)"
"Financial Analysis","competency_gap","Gap","Text_Analysis","DATA_ANALYSIS_STATS",5,0.1,"Add/strengthen 'Financial Analysis' -- required in 5 offers (0.1% of all)"
"System Integration","competency_gap","Gap","Text_Analysis","IT_SERVICES_CLOUD_UX",5,0.1,"Add/strengthen 'System Integration' -- required in 5 offers (0.1% of all)"
"Banking Domain Knowledge","competency_gap","Gap","Text_Analysis","OTHER_UNCLASSIFIED",5,0.1,"Add/strengthen 'Banking Domain Knowledge' -- required in 5 offers (0.1% of all)"
"Dyspozycyjność","competency_gap","Gap","Text_Analysis","OTHER_UNCLASSIFIED",5,0.1,"Add/strengthen 'Dyspozycyjność' -- required in 5 offers (0.1% of all)"
"Zapewnienie właściwego obiegu opakowań zwrotnych i odpadów w sklepie","competency_gap","Gap","Text_Analysis","PROCESS_OPTIMIZATION",5,0.1,"Add/strengthen 'Zapewnienie właściwego obiegu opakowań zwrotnych i odpadów w sklepie' -- required in 5 offers (0.1% of all)"
"AI Tool Usage","competency_gap","Gap","Text_Analysis","AI_ARTIFICIAL_INTELLIGENCE",4,0,"Add/strengthen 'AI Tool Usage' -- required in 4 offers (0% of all)"
"Financial reporting and analysis","competency_gap","Gap","Text_Analysis","DATA_ANALYSIS_STATS",4,0,"Add/strengthen 'Financial reporting and analysis' -- required in 4 offers (0% of all)"
"Creativity","competency_gap","Gap","Text_Analysis","INNOVATION_ENTREPRENEURSHIP",4,0,"Add/strengthen 'Creativity' -- required in 4 offers (0% of all)"
"Knowledge of Labor Law","competency_gap","Gap","Text_Analysis","LEGAL_ECONOMY_ESG",4,0,"Add/strengthen 'Knowledge of Labor Law' -- required in 4 offers (0% of all)"
"Labor Law Knowledge","competency_gap","Gap","Text_Analysis","LEGAL_ECONOMY_ESG",4,0,"Add/strengthen 'Labor Law Knowledge' -- required in 4 offers (0% of all)"
"Working with operational scanners","competency_gap","Gap","Text_Analysis","PROCESS_OPTIMIZATION",4,0,"Add/strengthen 'Working with operational scanners' -- required in 4 offers (0% of all)"
"Project Management","competency_gap","Gap","Text_Analysis","PROJECT_MANAGEMENT",4,0,"Add/strengthen 'Project Management' -- required in 4 offers (0% of all)"
"AI Knowledge","competency_gap","Gap","Text_Analysis","AI_ARTIFICIAL_INTELLIGENCE",3,0,"Add/strengthen 'AI Knowledge' -- required in 3 offers (0% of all)"
"AI Proficiency","competency_gap","Gap","Text_Analysis","AI_ARTIFICIAL_INTELLIGENCE",3,0,"Add/strengthen 'AI Proficiency' -- required in 3 offers (0% of all)"
"Handling large datasets","competency_gap","Gap","Text_Analysis","BIG_DATA_DATABASES",3,0,"Add/strengthen 'Handling large datasets' -- required in 3 offers (0% of all)"
"Microservices Architecture","competency_gap","Gap","Text_Analysis","IT_SERVICES_CLOUD_UX",3,0,"Add/strengthen 'Microservices Architecture' -- required in 3 offers (0% of all)"
"Team Management / Leadership","competency_gap","Gap","Text_Analysis","LEADERSHIP_DECISION_MAKING",3,0,"Add/strengthen 'Team Management / Leadership' -- required in 3 offers (0% of all)"
"Agile / Scrum","competency_gap","Gap","Text_Analysis","PROJECT_MANAGEMENT",3,0,"Add/strengthen 'Agile / Scrum' -- required in 3 offers (0% of all)"
"Coordinating master data maintenance and authorization management","competency_gap","Gap","Text_Analysis","BIG_DATA_DATABASES",2,0,"Add/strengthen 'Coordinating master data maintenance and authorization management' -- required in 2 offers (0% of all)"
"Data Management (Static Data/Financial Instruments)","competency_gap","Gap","Text_Analysis","BIG_DATA_DATABASES",2,0,"Add/strengthen 'Data Management (Static Data/Financial Instruments)' -- required in 2 offers (0% of all)"
"Openness to new solutions","competency_gap","Gap","Text_Analysis","INNOVATION_ENTREPRENEURSHIP",2,0,"Add/strengthen 'Openness to new solutions' -- required in 2 offers (0% of all)"
"Aktualizacja stron www / prace rozwojowe serwisów internetowych","competency_gap","Gap","Text_Analysis","IT_SERVICES_CLOUD_UX",2,0,"Add/strengthen 'Aktualizacja stron www / prace rozwojowe serwisów internetowych' -- required in 2 offers (0% of all)"
"Goal Orientation/Sales Focus","competency_gap","Gap","Text_Analysis","LEADERSHIP_DECISION_MAKING",2,0,"Add/strengthen 'Goal Orientation/Sales Focus' -- required in 2 offers (0% of all)"
"Performance Management","competency_gap","Gap","Text_Analysis","LEADERSHIP_DECISION_MAKING",2,0,"Add/strengthen 'Performance Management' -- required in 2 offers (0% of all)"
"Python Programming","competency_gap","Gap","Text_Analysis","PROGRAMMING_WEB",2,0,"Add/strengthen 'Python Programming' -- required in 2 offers (0% of all)"
"Technical Writing (Translating complex software development concepts)","competency_gap","Gap","Text_Analysis","PROGRAMMING_WEB",2,0,"Add/strengthen 'Technical Writing (Translating complex software development concepts)' -- required in 2 offers (0% of all)"
"Adherence to OHS and Workplace Safety Rules","competency_gap","Gap","Text_Analysis","ERGONOMICS_WORKPLACE",1,0,"Add/strengthen 'Adherence to OHS and Workplace Safety Rules' -- required in 1 offers (0% of all)"
"Attention to order and cleanliness / Workplace organization","competency_gap","Gap","Text_Analysis","ERGONOMICS_WORKPLACE",1,0,"Add/strengthen 'Attention to order and cleanliness / Workplace organization' -- required in 1 offers (0% of all)"
"Bardzo dobra kondycja fizyczna / Zdolność pracy na wysokościach / Praca w różnych warunkach atmosferycznych","competency_gap","Gap","Text_Analysis","ERGONOMICS_WORKPLACE",1,0,"Add/strengthen 'Bardzo dobra kondycja fizyczna / Zdolność pracy na wysokościach / Praca w różnych warunkach atmosferycznych' -- required in 1 offers (0% of all)"
"AI Adoption/Implementation Leadership","competency_gap","Gap","Text_Analysis","INNOVATION_ENTREPRENEURSHIP",1,0,"Add/strengthen 'AI Adoption/Implementation Leadership' -- required in 1 offers (0% of all)"
"AHS API client library development (Member Service, Dispatch, Coverage / Eligibility)","competency_gap","Gap","Text_Analysis","PROGRAMMING_WEB",1,0,"Add/strengthen 'AHS API client library development (Member Service, Dispatch, Coverage / Eligibility)' -- required in 1 offers (0% of all)"
