"term","estimate","std.error","statistic","p.value"
"(Intercept)",0.5232497903000625,0.1204080639222921,4.3456374370220985,1.388717873474854e-5
"Seniority_levelJunior",0.004612342175005664,0.08754758698030507,0.05268382983580425,0.9579838230534254
"Seniority_levelLead / Management",-0.020586389661820005,0.08794226320753029,-0.23408983247610166,0.8149152391755015
"Seniority_levelMid",8.956736156977892e-4,0.08468965418644958,0.010575950797082104,0.991561769447206
"Seniority_levelNot Specified",0.3010841448419438,0.09743051735481477,3.09024475098987,0.001999916195937741
"Seniority_levelSenior",0.06064779135213412,0.08672477595841695,0.6993133240403377,0.4843562420322833
"Final_BucketBIG_DATA_DATABASES",-1.6289444231962962,0.1302337765825168,-12.50784908448223,6.763079626599156e-36
"Final_BucketDATA_ANALYSIS_STATS",-2.8190587070486304,0.1021701047828242,-27.591815757074,1.3950668710829192e-167
"Final_BucketE_COMMERCE_MARKETING",-0.5746290949179046,0.09903153263155762,-5.8024861339446945,6.53387988173669e-9
"Final_BucketERGONOMICS_WORKPLACE",-2.9622930741491227,0.3305871902662403,-8.960701325914725,3.2261982706214734e-19
"Final_BucketFINANCE_ACCOUNTING",0.1491499860491459,0.09337868519023988,1.5972594360831216,0.1102078888075957
"Final_BucketHR_RECRUITMENT",-0.0383601658948444,0.10477266225618184,-0.3661276240270497,0.7142698454836587
"Final_BucketINNOVATION_ENTREPRENEURSHIP",-2.972648405173362,0.1802015281325578,-16.496244154969965,3.904342431779147e-61
"Final_BucketIT_SERVICES_CLOUD_UX",-1.4054086927067684,0.10577988623420556,-13.286161885210156,2.7850158798143987e-40
"Final_BucketLEADERSHIP_DECISION_MAKING",-3.7138536805278157,0.13107522516675843,-28.333757777664868,1.32707116513785e-176
"Final_BucketLEGAL_ECONOMY_ESG",-0.5245577206611177,0.1056377911112508,-4.965625607493894,6.847995295269178e-7
"Final_BucketMANAGEMENT_INFORMATION_SYSTEMS",-0.8067769863792601,0.093242086334027,-8.652498223700102,5.0384141608914975e-18
"Final_BucketOTHER_UNCLASSIFIED",2.1765545893793212,0.14691750589124,14.814807644438094,1.1752521852229365e-49
"Final_BucketPROCESS_OPTIMIZATION",-2.660923029201376,0.09689456437212648,-27.462046467147744,4.988870218431258e-166
"Final_BucketPRODUCTION_LOGISTICS",0.6665722146770859,0.10063482685971836,6.623673289628308,3.503807285521421e-11
"Final_BucketPROGRAMMING_WEB",-0.9708505687393272,0.15745426575703672,-6.165921031554773,7.007405112842219e-10
"Final_BucketPROJECT_MANAGEMENT",-3.876472917841129,0.12391680266628229,-31.28286749199603,7.980607568414526e-215
"Final_BucketQUALITY_MANAGEMENT",-1.3990194519814303,0.09755445147749328,-14.340908393136699,1.2145520861481948e-46
"Final_BucketSOFT_INTERPERSONAL",-2.670287504961058,0.093072277688397,-28.690471226041065,5.016661390257959e-181
"Final_BucketSTAKEHOLDER_CLIENT_RELATIONS",-2.4164190058262855,0.09855626863767165,-24.518166517747463,9.456575726795728e-133
