"Competence_Name","Final_Bucket","Tech_Mandatory","Tech_Nice_to_Have","Mentions_Mandatory","Mentions_Nice_to_Have","N_Offers_Total","N_Mentions_Total","Pct_Of_All_Mandatory","Pct_Of_All_Optional","Status","Matched_Code","Is_Gap"
"SQL","BIG_DATA_DATABASES",363,55,363,55,418,418,3.9,0.6,"Standard","K1_IZ_W06","Standard"
"Python","PROGRAMMING_WEB",292,64,292,64,356,356,3.1,0.7,"Standard","K1_IZ_W06","Standard"
"Jira","OTHER_UNCLASSIFIED",187,51,187,51,238,238,2,0.5,"Gap","competency_gap","Gap"
"Confluence","OTHER_UNCLASSIFIED",138,34,138,34,172,172,1.5,0.4,"Gap","competency_gap","Gap"
"BPMN","PROCESS_OPTIMIZATION",123,15,123,15,138,138,1.3,0.2,"Standard","K1_IZ_W10","Standard"
"UML","OTHER_UNCLASSIFIED",119,16,119,16,135,135,1.3,0.2,"Gap","competency_gap","Gap"
"AWS","OTHER_UNCLASSIFIED",75,36,75,36,111,111,0.8,0.4,"Gap","competency_gap","Gap"
"Google Cloud Platform","OTHER_UNCLASSIFIED",67,30,67,30,97,97,0.7,0.3,"Gap","competency_gap","Gap"
"Java","OTHER_UNCLASSIFIED",61,24,61,24,85,85,0.7,0.3,"Gap","competency_gap","Gap"
"Docker","OTHER_UNCLASSIFIED",55,29,55,29,84,84,0.6,0.3,"Gap","competency_gap","Gap"
"Enterprise Architect","OTHER_UNCLASSIFIED",50,34,50,34,84,84,0.5,0.4,"Gap","competency_gap","Gap"
"PostgreSQL","OTHER_UNCLASSIFIED",66,17,66,17,83,83,0.7,0.2,"Gap","competency_gap","Gap"
"Git","PROGRAMMING_WEB",67,12,67,12,79,79,0.7,0.1,"Gap","competency_gap","Gap"
"Kubernetes","OTHER_UNCLASSIFIED",52,26,52,26,78,78,0.6,0.3,"Gap","competency_gap","Gap"
"Microsoft Azure","OTHER_UNCLASSIFIED",48,23,48,23,71,71,0.5,0.2,"Gap","competency_gap","Gap"
"Oracle","BIG_DATA_DATABASES",57,5,57,5,62,62,0.6,0.1,"Gap","competency_gap","Gap"
"Microsoft Power BI","DATA_ANALYSIS_STATS",42,18,42,18,60,60,0.5,0.2,"Gap","competency_gap","Gap"
"SAP","OTHER_UNCLASSIFIED",43,16,43,16,59,59,0.5,0.2,"Gap","competency_gap","Gap"
"Databricks","BIG_DATA_DATABASES",31,19,31,19,50,50,0.3,0.2,"Gap","competency_gap","Gap"
"Linux","OTHER_UNCLASSIFIED",41,6,41,6,47,47,0.4,0.1,"Gap","competency_gap","Gap"
"Azure DevOps","OTHER_UNCLASSIFIED",23,23,23,23,46,46,0.2,0.2,"Gap","competency_gap","Gap"
"Kafka","OTHER_UNCLASSIFIED",29,14,29,14,43,43,0.3,0.2,"Gap","competency_gap","Gap"
"Terraform","OTHER_UNCLASSIFIED",33,9,33,9,42,42,0.4,0.1,"Gap","competency_gap","Gap"
"JavaScript","PROGRAMMING_WEB",31,6,31,6,37,37,0.3,0.1,"Gap","competency_gap","Gap"
"Microsoft Excel","OTHER_UNCLASSIFIED",37,0,37,0,37,37,0.4,0,"Standard","K1_IZ_U16","Standard"
"Microsoft SQL Server","OTHER_UNCLASSIFIED",29,8,29,8,37,37,0.3,0.1,"Gap","competency_gap","Gap"
"Tableau","DATA_ANALYSIS_STATS",26,10,26,10,36,36,0.3,0.1,"Standard","K1_IZ_W15","Standard"
"PyTorch","OTHER_UNCLASSIFIED",22,12,22,12,34,34,0.2,0.1,"Gap","competency_gap","Gap"
"Spark","OTHER_UNCLASSIFIED",23,11,23,11,34,34,0.2,0.1,"Gap","competency_gap","Gap"
"PL","OTHER_UNCLASSIFIED",30,2,30,2,32,32,0.3,0,"Standard","K1_IZ_K01","Standard"
"C#","OTHER_UNCLASSIFIED",23,8,23,8,31,31,0.2,0.1,"Gap","competency_gap","Gap"
"LangChain","OTHER_UNCLASSIFIED",15,16,15,16,31,31,0.2,0.2,"Gap","competency_gap","Gap"
"CI","OTHER_UNCLASSIFIED",18,12,18,12,30,30,0.2,0.1,"Standard","K1_IZ_K01","Standard"
"Power BI","OTHER_UNCLASSIFIED",22,8,22,8,30,30,0.2,0.1,"Gap","competency_gap","Gap"
"TypeScript","OTHER_UNCLASSIFIED",23,7,23,7,30,30,0.2,0.1,"Gap","competency_gap","Gap"
"CD","OTHER_UNCLASSIFIED",16,13,16,13,29,29,0.2,0.1,"Gap","competency_gap","Gap"
"Azure","IT_SERVICES_CLOUD_UX",22,6,22,6,28,28,0.2,0.1,"Gap","competency_gap","Gap"
".NET","OTHER_UNCLASSIFIED",15,12,15,12,27,27,0.2,0.1,"Gap","competency_gap","Gap"
"Airflow","OTHER_UNCLASSIFIED",15,12,15,12,27,27,0.2,0.1,"Gap","competency_gap","Gap"
"BigQuery","OTHER_UNCLASSIFIED",25,2,25,2,27,27,0.3,0,"Gap","competency_gap","Gap"
