"Final_Bucket","N_Competences_Gap","N_Competences_Standard","N_Offers_Requiring_Gap","N_Offers_Requiring_Standard","Total_Competences","Total_Offers_Requiring","Pct_Standard","Pct_Gap"
"SOFT_INTERPERSONAL",1331,9066,1107,7083,10397,8190,86.5,13.5
"PROCESS_OPTIMIZATION",910,7252,723,5375,8162,6098,88.1,11.9
"STAKEHOLDER_CLIENT_RELATIONS",715,4574,687,4221,5289,4908,86,14
"DATA_ANALYSIS_STATS",603,4682,598,4085,5285,4683,87.2,12.8
"MANAGEMENT_INFORMATION_SYSTEMS",2888,1818,2891,1660,4706,4551,36.5,63.5
"PROJECT_MANAGEMENT",177,4719,166,3525,4896,3691,95.5,4.5
"FINANCE_ACCOUNTING",3913,2000,2099,1236,5913,3335,37.1,62.9
"QUALITY_MANAGEMENT",1059,2536,909,2105,3595,3014,69.8,30.2
"LEADERSHIP_DECISION_MAKING",132,3120,126,2849,3252,2975,95.8,4.2
"OTHER_UNCLASSIFIED",2921,215,2522,345,3136,2867,12,88
"PRODUCTION_LOGISTICS",2546,790,1724,572,3336,2296,24.9,75.1
"IT_SERVICES_CLOUD_UX",636,1493,546,1013,2129,1559,65,35
"E_COMMERCE_MARKETING",1220,1312,731,760,2532,1491,51,49
"LEGAL_ECONOMY_ESG",778,772,734,734,1550,1468,50,50
"HR_RECRUITMENT",1018,684,741,463,1702,1204,38.5,61.5
"BIG_DATA_DATABASES",211,582,282,777,793,1059,73.4,26.6
"INNOVATION_ENTREPRENEURSHIP",62,648,64,692,710,756,91.5,8.5
"PROGRAMMING_WEB",107,233,200,497,340,697,71.3,28.7
"AI_ARTIFICIAL_INTELLIGENCE",256,268,240,230,524,470,48.9,51.1
"ERGONOMICS_WORKPLACE",21,130,21,145,151,166,87.3,12.7
