"Matched_Code","N_Offers_Requiring","N_Distinct_Competences","Example_Competences","Pct_Of_All_Offers"
"K1_IZ_U05",2301,5050,"Agile methodologies | Stakeholder management | Digitalizacja danych i wdrażanie nowych narzędzi raportowych",24.7
"K1_IZ_K02",2282,10690,"Znajomość obsługi komputera oraz podstawowych programów biurowych | Współpraca z działem zakupów oraz realizacji inwestycji | Customer service and client relations",24.5
"K1_IZ_U02",1954,6200,"Bieżący kontakt z klientem | Rzetelność i uczciwość | Gracz zespołowy",21
"K1_IZ_U07",1861,3991,"Analiza biznesowa oraz systemowa | Utrzymywanie kontaktów z Klientami w celu zbierania założeń i wymagań biznesowych i funkcjonalnych | Dokumentowanie wyników analiz systemowych",20
"K1_IZ_W02",1038,1915,"Health and safety compliance (sanitary checks) | Dbanie o bezpieczeństwo i porządek w magazynie | Quality management",11.2
"K1_IZ_W18",802,2123,"Tworzenie planów operacyjnych / Monitorowanie realizacji wskaźników | Coordination of deliverables versus the process calendar among Team Members and reporting to Clients | Operational Problem Solving",8.6
"K1_IZ_W10",775,1217,"Udział we wdrożeniach systemów informatycznych | Analizowanie problemów z zakresu procesów biznesowych | Pisanie dokumentacji do wymagań biznesowych oraz systemowych, w tym modelowania i optymalizacji procesów biznesowych",8.3
"K1_IZ_U16",757,2458,"Data extraction, transformation, loading (ETL) | DataOps practices | Data governance and security compliance",8.1
"K1_IZ_W13",646,1320,"Analiza i kontrola kosztów personalnych oraz budżetów | Opracowywanie modeli analitycznych i wsparcie procesów decyzyjnych | Analiza wskaźników kadrowych (fluktuacja, absencja, efektywność)",6.9
"K1_IZ_W21",600,1809,"Technical Concepts, Architecture Documentation, and System Designs | Testing (Functional & Performance) | Ability to work independently and in a self-organised manner",6.4
"K1_IZ_W11",554,1812,"Reporting/Data Analysis | Multitasking/Time Management | Monitorowanie i ocena postępów projektów oraz programów nieinwestycyjnych",6
"K1_IZ_K06",553,1674,"Project management experience | Initiative and problem-solving in project challenges | Stakeholder and client management",5.9
"K1_IZ_W14",380,841,"Udział we wdrażaniu nowych systemów księgowych | System usage (Obsługa systemu do obiegu dokumentów księgowych) | Client/Stakeholder Management (Training and Presentations)",4.1
"K1_IZ_W06",379,1161,"ETL Process Implementation and Optimization | System Operation Support (Incident Handling, Performance Improvements) | Data Vault Modelling",4.1
"K1_IZ_W20",346,402,"Tax Law Expertise (including Pillar 2) | Accounting Knowledge | Labor Law Knowledge",3.7
"K1_IZ_U11",325,600,"Operations management | Documentation review/Justification review | Process Improvement",3.5
"K1_IZ_U08",286,744,"Projektowanie szkoleń e-learningowych i tworzenie storyboardów | Wiedza w temacie UX/UI | Market Research and Content Gathering",3.1
"K1_IZ_W22",280,356,"Gotowość do szybkiego zdobycia wiedzy domenowej | Sumienność, odpowiedzialność oraz zaangażowanie w realizację powierzonych zadań | Proponowanie rozwiązań usprawniających i monitorowanie trendów rynkowych",3
"K1_IZ_W09",268,504,"Współtworzenie i rozwój oddziału w Gdańsku | Samodzielność, inicjatywa i odpowiedzialność | Nastawienie na rozwój i realizację celów",2.9
"K1_IZ_K05",265,911,"Dobra organizacja pracy, samodzielność, odpowiedzialność, dokładność i sumienność | Umiejętność obsługi elektronarzędzi | Influencer Marketing and Relationship Building",2.8
"K1_IZ_W27",186,798,"Process improvement and tools automation to bring efficiency into General Ledger operations | Maintaining service quality and high quality process documentation | Building excellent working relationships with Finance and Shared Service staff",2
"K1_IZ_K04",184,235,"Communication Skills | Conflict resolution | Definiowanie scenariuszy komunikacji w oparciu o customer journey i mechanizmy personalizacji",2
"K1_IZ_W28",158,259,"Bardzo dobra organizacja pracy | Organizational Skills | Stakeholder communication and management (for investors)",1.7
"K1_IZ_W17",151,228,"System Implementation and Deployment | Znajomość rozwiązań low/no code | Szeroka wiedza z zakresu rozwiązań informatycznych oraz metodyk, standardów i narzędzi związanych z rozwojem oprogramowania",1.6
"K1_IZ_K07",144,140,"Collaboration with architectural and DevOps teams | Stakeholder Management / Collaboration | Collaborate with a diverse team of HR and recruitment professionals",1.5
"K1_IZ_W12",138,316,"Due Diligence / Business Analysis | Interest in AI and Technology Trends | Stakeholder Management / Business Partnership",1.5
"K1_IZ_U20",84,326,"Prowadzenie podstawowej dokumentacji stanowiskowej | Zarządzanie cenami transferowymi i zgodność podatkowa (Transfer Pricing) | Analiza funkcji, aktywów i ryzyk (FAR)",0.9
"K1_IZ_W23",67,117,"Initiative | Financial planning and management | Financial analysis and risk mitigation (e.g., managing bad debts/expired receivables)",0.7
"K1_IZ_W03",64,300,"Payroll process management (end-to-end) | Compliance with labor law and social insurance regulations | Vendor management and quality monitoring of services",0.7
"K1_IZ_W05",63,266,"Teamwork/Collaboration | Communication Skills | Ability to learn quickly",0.7
"K1_IZ_W08",56,153,"System integration (API contracts, data ingestion, mapping, normalization) | Data aggregation | Wykorzystanie AI do potęgowania tempa i jakości kodu",0.6
"K1_IZ_W25",53,135,"Onboarding i szkolenia przewoźników i kurierów | Współpraca z zespołem CX w ramach interwencji i skarg | Samodzielne podejmowanie decyzji i skutecznego działania w warunkach stresowych",0.6
"K1_IZ_W07",51,214,"Basic commercial awareness | Product launch orchestration/management | Content optimization/management",0.5
"K1_IZ_U21",47,234,"Księgowanie i ewidencja dokumentów finansowych | Sporządzanie sprawozdań finansowych i raportowanie | Obsługa podatków (CIT, VAT, PIT)",0.5
"K1_IZ_U14",37,133,"Obsługa przesyłek, rozładunek, sortowanie i załadunek paczek na magazynie | Dokładność i dbałość o detale | Administrative Documentation Management",0.4
"K1_IZ_U12",36,162,"Ocena ryzyka kredytowego Klientów Korporacyjnych | Analiza kredytowa | Praca w oparciu o bilans, rachunek zysków i strat",0.4
"K1_IZ_U17",35,110,"Data Warehousing | RAG/Agentic RAG/MCP (Advanced AI Architecture/Design) | Contextual data processing pipelines, embeddings, and vectorization",0.4
"K1_IZ_W24",22,42,"Budowanie relacji z osobami decyzyjnymi / Zarządzanie interesariuszami | Świadomość rynku i analiza konkurencji | Zarządzanie operacjami magazynu",0.2
"K1_IZ_U7",19,58,"Presentation and Teaser Preparation | Internal Communication and Collaboration | Negotiation",0.2
"K1_IZ_W04",18,56,"Dyspozycyjność | Dokładność i rzetelność | Dyspozycyjność do pracy zmianowej",0.2
"K1_IZ_U06",17,48,"Modelowanie taryfikacyjne/konkurencyjności | Uczenie maszynowe | Sztuczna inteligencja",0.2
"K1_IZ_U10",10,31,"Marketing i zarządzanie marką | Raportowanie i analiza wyników | Samodzielność i organizacja pracy",0.1
"K1_IZ_U13",10,50,"Wdrażanie i rozwój systemów wynagrodzeń oraz struktury płacowe | Analiza danych płacowych i luka płacowa | Przygotowywanie analiz, raportów płacowych i benchmarków rynkowych",0.1
"K1_IZ_W16",8,25,"Financial reconciliation and discrepancy resolution | System usage (eBOK forms) | Data reporting and analysis",0.1
"K1_IZ_U03",7,24,"Kontrola jakości konstrukcji stalowych i spawanych | Umiejętność czytania rysunku technicznego | Umiejętność wykonywania pomiarów warsztatowych",0.1
"K1_IZ_U01",5,26,"KPI Setting and Performance Measurement (ROAS, CAC) | Data Analysis and Visualization (GA4, Looker Studio, Dashboard creation) | A/B Testing and Optimization",0.1
"K1_IZ_W26",5,18,"Quality control and inspection of received goods | Excellent work organization and efficiency | High personal culture and professional demeanor",0.1
"K1_IZ_K03",3,16,"Przygotowywanie analiz i rekomendacji wspierających bieżące decyzje biznesowe | Reagowanie na odchylenia od planu i wdrażanie działań optymalizacyjnych | Prowadzenie testów nowych rozwiązań marketingowych i wspieranie wdrażania automatyzacji/AI",0
"K1_IZ_U5",3,5,"Process Improvement / Continuous Improvement | Adaptability and Willingness to Learn | Stakeholder Management",0
"K1_IZ_W15",3,11,"Forecasting | Driving improvements in efficiency and quality | Track KPIs",0
"K1_IZ_W2",3,6,"Dbanie o wysoką jakość realizowanych projektów | Znajomość procesów product design i współpracy z UX/UI | Waste management oversight",0
"K1_IZ_U19",2,10,"Customer focus (Orientacja na klienta) | Accuracy (Dokładność) | Punctuality (Terminowość)",0
"K1_IZ_U8",2,6,"Due Diligence Coordination / Information Management | Credit Monitoring and Reporting | Corporate Finance Domain Knowledge",0
"K1_IZ_U04",1,2,"Obsługa pociągu roboczego / Kierownik pociągu | Dyspozycyjność i gotowość pracy",0
"K1_IZ_U13, K1_IZ_W17",1,3,"Technical and business process expertise | Applying business processes knowledge to shape and align IS solution/services | Conducting advanced modelling activities for significant change programs",0
"K1_IZ_U2",1,3,"Dobra organizacja pracy i dokładność | Współpraca z innymi działami firmy | Wsparcie zespołu księgowego",0
"K1_IZ_W01",1,2,"Financial Impact Quantification | Critical Thinking and Data-Driven Approach",0
"K1_IZ_W19",1,4,"Sales and Client Relationship Building | Social Media Management and Content Creation | Initiative and Innovation",0
