"KEU_Code","KEU_Description","KEU_Type"
"K1_IZ_W01","Ma zaawansowaną wiedzę w zakresie matematyki, obejmującą aparat rachunku różniczkowego i całkowego, rachunku macierzowego w zakresie rozwiązywania układów równań liniowych oraz elementów logiki pragmatycznej oraz rachunku prawdopodobieństwa, potrzebną do zrozumienia i konstrukcji opisów formalnych systemów i procesów technicznych i nietechnicznych, a także do rozwiązywania problemów analizy i syntezy dla systemów i procesów.","Knowledge"
"K1_IZ_W02","Ma zaawansowaną wiedzę w zakresie fizyki potrzebną do zrozumienia i wyjaśnienia wpływu materialnego środowiska pracy na obciążenie pracownika, a także do rozwiązywania problemów ergonomicznych dla układu człowiek – maszyna.","Knowledge"
"K1_IZ_W03","Ma zaawansowaną wiedzę z zakresu ekonomii oraz rozumie relacje między ekonomią a naukami społecznymi i technicznymi, w tym nauką o zarządzaniu i jakości w kontekście działalności inżynierskiej.","Knowledge"
"K1_IZ_W04","Ma zaawansowaną wiedzę w zakresie nauk humanistycznych i społecznych dotyczącą uwarunkowań prawnych, ekonomicznych, etycznych funkcjonowania systemów technicznych i gospodarczych – potrzebną do zrozumienia i rozwiązywania problemów natury społecznej występujących w systemach i procesach różnej natury.","Knowledge"
"K1_IZ_W05","Ma zaawansowaną wiedzę w zakresie projektowania inżynierskiego i inżynierii systemów obejmującą elementy teorii systemów, projektowanie w oparciu o wielokryterialną analizę potrzeb, projektowanie jako proces podejmowania decyzji.","Knowledge"
"K1_IZ_W06","Ma zaawansowaną wiedzę w zakresie informatyki, obejmującą technologie informacyjne, programowanie komputerów, projektowanie i implementację baz danych, baz wiedzy, hurtowni danych i analiz OLAP, technologie internetowe.","Knowledge"
"K1_IZ_W07","Ma zaawansowaną wiedzę w zakresie organizacji i funkcjonowania przedsiębiorstwa z zakresu logistyki, produkcji, marketingu, finansów i rachunkowości, personelu oraz jakości.","Knowledge"
"K1_IZ_W08","Ma zaawansowaną wiedzę w zakresie narzędzi i technologii implementacji SIZ, modelowania procesów biznesowych, inżynierii zarządzania projektami, a także obejmującą kluczowe zagadnienia w zakresie zastosowania IT w biznesie.","Knowledge"
"K1_IZ_W09","Ma zaawansowaną wiedzę w zakresie zarządzania i funkcjonowania przedsiębiorstw, innowacji i przedsiębiorczości inżynierskiej.","Knowledge"
"K1_IZ_W10","Ma zaawansowaną wiedzę w zakresie procesów biznesowych, obejmującą notacje i metodologię modelowania procesów biznesowych, analizę i projektowanie procesów biznesowych.","Knowledge"
"K1_IZ_W11","Ma zaawansowaną wiedzę w zakresie zarządzania projektami we wszystkich etapach ich realizacji, zna metodyki zarządzania projektami, standardowe i dedykowane narzędzia informatyczne wspierające zarządzanie projektami, w tym narzędzia open source dla MSP.","Knowledge"
"K1_IZ_W12","Ma zaawansowaną wiedzę w zakresie trendów rozwojowych dotyczących zastosowania IT w biznesie.","Knowledge"
"K1_IZ_W13","Ma zaawansowaną wiedzę w zakresie trendów rozwojowych z zakresu nauk o zarządzaniu.","Knowledge"
"K1_IZ_W14","Ma zaawansowaną wiedzę w zakresie cyklu życia i eksploatacji systemów technicznych - informatycznych, systemów społecznych - przedsiębiorstw, realizowanych przedsięwzięć, w tym w zakresie analizy wymagań i zarządzania procesami informatyzacji.","Knowledge"
"K1_IZ_W15","Ma zaawansowaną wiedzę w zakresie metod, technik, narzędzi matematycznych stosowanych przy rozwiązywaniu zadań inżynierskich w zakresie zastosowania IT w biznesie.","Knowledge"
"K1_IZ_W16","Ma zaawansowaną wiedzę w zakresie metod, technik, narzędzi informatycznych i matematycznych stosowanych przy rozwiązywaniu problemów o charakterze inżynierskim w zarządzaniu.","Knowledge"
"K1_IZ_W17","Ma zaawansowaną wiedzę w zakresie metod, technik, narzędzi informatycznych o charakterze inżynierskim służących do modelowania procesów biznesowych, a w szczególności notacje i modelowanie procesów biznesowych.","Knowledge"
"K1_IZ_W18","Ma zaawansowaną wiedzę w zakresie metod, technik, narzędzi informatycznych i matematycznych stosowanych przy rozwiązywaniu problemów o charakterze inżynierskim w zarządzaniu projektami.","Knowledge"
"K1_IZ_W19","Ma zaawansowaną wiedzę niezbędną do rozumienia społecznych, ekonomicznych, prawnych, psychologicznych i humanistycznych uwarunkowań działalności inżynierskiej. Zna i rozumie fundamentalne dylematy współczesnej cywilizacji.","Knowledge"
"K1_IZ_W20","Ma zaawansowaną wiedzę w zakresie ochrony własności intelektualnej i przemysłowej. Zna, rozumie i uzasadnia rolę ochrony własności intelektualnej w rozwoju nauki i gospodarki.","Knowledge"
"K1_IZ_W21","Ma zaawansowaną wiedzę w zakresie zasad, metodyk i technologii inżynierskich przydatnych do analizowania, modelowania i projektowania systemów i procesów będących obiektem zainteresowań inżynierii zarządzania, a w szczególności modelowania procesów biznesowych, inżynierii zarządzania projektem, narzędzi i technologii implementacji SIZ, zastosowania IT w biznesie.","Knowledge"
"K1_IZ_W22","Ma zaawansowaną wiedzę w zakresie przedsiębiorczości oraz identyfikuje przesłanki jej powstawania i rozwoju. Objaśnia pojęcie innowacji i rozróżnia ich rodzaje. Rozpoznaje cechy i uwarunkowania innowacyjności organizacji. Opisuje proces innowacyjny zachodzący w organizacji.","Knowledge"
"K1_IZ_W23","Ma zaawansowaną wiedzę w zakresie praw i zależności ekonomicznych w skali mikroekonomicznej i makroekonomicznej. Charakteryzuje główne teorie ekonomii. Zna cele i instytucje gospodarki rynkowej oraz ich funkcje.","Knowledge"
"K1_IZ_W24","Ma zaawansowaną wiedzę w zakresie relacji międzyorganizacyjnych oraz interakcji organizacji z otoczeniem w kontekście uwarunkowań krajowych, międzynarodowych i międzykulturowych. Wyjaśnia i ilustruje wpływ oddziaływania otoczenia na działalność organizacji.","Knowledge"
"K1_IZ_W25","Ma zaawansowaną wiedzę w zakresie zachowań organizacyjnych i ich uwarunkowań. Zna zasady budowania i funkcjonowania zespołów oraz czynniki wpływające na ich sprawność. Opisuje pojęcie kultury organizacyjnej i jej znaczenie w zarządzaniu. Zna środki i systemy komunikacji w organizacjach oraz cechy sprawnego procesu komunikacji.","Knowledge"
"K1_IZ_W26","Ma zaawansowaną wiedzę w zakresie metod i technik diagnozowania oraz usprawniania działalności w poszczególnych obszarach funkcjonalnych organizacji oraz wybranych metodach badania otoczenia przedsiębiorstwa. Zna normy i standardy w poszczególnych obszarach funkcjonalnych.","Knowledge"
"K1_IZ_W27","Ma zaawansowaną wiedzę w zakresie zarządzania zmianami w organizacji, wskazuje źródła oporu przeciwko zmianom i sposoby ich neutralizacji.","Knowledge"
"K1_IZ_W28","Ma zaawansowaną wiedzę w zakresie typów, rodzajów i form organizacji, identyfikuje ich cele i inne elementy. Wyjaśnia kluczowe koncepcje teorii organizacji odnośnie ich powstawania, funkcjonowania, przekształcania i rozwoju.","Knowledge"
"K1_IZ_U01","Potrafi pozyskiwać informacje niezbędne do realizacji zadań inżynierskich, a w szczególności zadań dotyczących zastosowań IT w biznesie, z literatury, baz danych oraz innych właściwie dobranych źródeł, także w języku angielskim lub innym języku obcym. Potrafi integrować uzyskane informacje, dokonywać ich interpretacji, a także wyciągać z nich wnioski, formułować i uzasadniać opinie oraz brać udział w debacie.","Skills"
"K1_IZ_U02","Potrafi porozumiewać się przy użyciu różnych technik w środowisku pracy, w szczególności ze specjalistami z zakresu nauk społecznych i technicznych.","Skills"
"K1_IZ_U03","Potrafi przygotować w języku polskim i języku angielskim lub innym uznawanym za podstawowy dla nauk technicznych i społecznych, dobrze udokumentowane opracowanie problemów inżynierskich, a w szczególności problemów w zakresie zastosowań IT.","Skills"
"K1_IZ_U04","Potrafi przygotować i przedstawić w języku polskim i języku obcym prezentację ustną, dotyczącą szczegółowych zagadnień inżynierskich, a w szczególności zagadnień dotyczących zastosowań IT w biznesie.","Skills"
"K1_IZ_U05","Rozumie konieczność samodzielnego rozwijania swojej wiedzy i umiejętności zawodowych adekwatnych do kierunku inżynieria zarządzania. Potrafi samodzielnie rozwijać tę wiedzę i doskonalić umiejętności.","Skills"
"K1_IZ_U06","Potrafi identyfikować typowe problemy zarządcze i merytoryczne w organizacji i w jej poszczególnych obszarach funkcjonalnych. Potrafi formułować alternatywne ich rozwiązania, umie uzasadnić, dokonać wyboru oraz weryfikować je zgodnie z ustalonymi priorytetami. Potrafi zaplanować działania służące ich rozwiązaniu.","Skills"
"K1_IZ_U07","Potrafi posługiwać się technikami informacyjno-komunikacyjnymi właściwymi do realizacji zadań inżynierskich, a w szczególności zadań dotyczących zastosowań IT w biznesie.","Skills"
"K1_IZ_U08","Przy realizacji zadań inżynierskich, a w szczególności zadań dotyczących zastosowań IT w biznesie dla zmiennych i nie w pełni przewidywalnych warunków, potrafi planować i przeprowadzać eksperymenty, w tym pomiary i symulacje komputerowe. Potrafi interpretować uzyskane wyniki i wyciągać wnioski.","Skills"
"K1_IZ_U09","Potrafi wykorzystać wiedzę z analizy matematycznej, rachunku prawdopodobieństwa, algebry liniowej, modele i metody analityczne, symulacyjne oraz eksperymentalne do formułowania i rozwiązywania zadań inżynierskich z zakresu zarządzania projektami, zarządzania procesami biznesowymi, zastosowania IT w biznesie.","Skills"
"K1_IZ_U10","Potrafi przy formułowaniu i rozwiązywaniu zadań o charakterze inżynierskim dotyczących procesów biznesowych, procesów innowacyjnych, projektów, zastosowania IT w biznesie — dostrzegać ich aspekty systemowe oraz posługiwać się właściwymi normami i standardami, także pozatechnicznymi - ekonomicznymi, prawnymi, ekologicznymi, psychologicznymi, zawodowymi, moralnymi oraz innymi humanistycznymi.","Skills"
"K1_IZ_U11","Ma przygotowanie i wykorzystuje zdobytą wiedzę do pracy w środowisku przemysłowym oraz zna zasady bezpieczeństwa i ergonomii pracy.","Skills"
"K1_IZ_U12","Potrafi dokonać analizy ekonomicznej, uwarunkowań mikro- i makroekonomicznych oraz efektywności społeczno-ekonomicznej podejmowanych działań inżynierskich.","Skills"
"K1_IZ_U13","Potrafi dokonać krytycznej analizy sposobu funkcjonowania obiektów, systemów oraz procesów i ocenić istniejące w nich rozwiązania przy pomocy narzędzi inżynierii zarządzania.","Skills"
"K1_IZ_U14","Potrafi dokonać identyfikacji i sformułować specyfikację prostych zadań inżynierskich o charakterze praktycznym dotyczących różnych kategorii przedsięwzięć (projektów), procesów biznesowych, systemów i podsystemów zarządzania charakterystycznych dla inżynierii zarządzania.","Skills"
"K1_IZ_U15","Potrafi zastosować metody, techniki oraz narzędzia matematyczne, analityczne i informatyczne, aby rozwiązywać problemy inżynierskie w zarządzaniu, a w szczególności problemy dotyczące zastosowań IT w biznesie.","Skills"
"K1_IZ_U16","Potrafi — zgodnie z zadaną specyfikacją — samodzielnie lub w zespole zaprojektować oraz zrealizować obiekt informatyczny, na przykład program komputerowy, bazę danych, bazę wiedzy, hurtownię danych, procedurę podjęcia decyzji, system informatyczny lub implementację procesu biznesowego i inne typowe dla kierunku inżynieria zarządzania, używając właściwych metod, technik i narzędzi.","Skills"
"K1_IZ_U17","Potrafi formułować i rozwiązywać proste zadania inżynierskie w zakresie zastosowania IT w biznesie.","Skills"
"K1_IZ_U18","Potrafi, używając właściwych metod i narzędzi, zaprojektować systemy, procesy i stanowiska pracy w poszczególnych obszarach funkcjonalnych przedsiębiorstwa i przedsięwzięciach realizowanych w formie projektów.","Skills"
"K1_IZ_U19","Potrafi identyfikować i interpretować kulturowe, prawne, ekonomiczne, społeczne, technologiczne, humanistyczne oraz ekologiczne aspekty swojej działalności inżynierskiej, a także menedżerskiej.","Skills"
"K1_IZ_U20","Potrafi analizować i oceniać cele, cechy, elementy, procesy, obszary funkcjonalne w przedsiębiorstwie oraz wewnętrzne i międzyorganizacyjne relacje, stosując pojęcia i ujęcia teoretyczne z zakresu ekonomii, polityki gospodarczej, nauk o zarządzaniu, analizy systemowej i metodyki projektowania inżynierskiego.","Skills"
"K1_IZ_U21","Posiada umiejętność analizowania przyczyn i dynamiki zjawisk w organizacji i jej otoczeniu w warunkach gospodarki rynkowej i obowiązujących regulacji ekonomiczno-prawnych. Potrafi identyfikować i analizować typowe problemy zarządcze i merytoryczne w organizacji oraz w jej obszarach funkcjonalnych.","Skills"
"K1_IZ_K01","Potrafi identyfikować i interpretować kulturowe, prawne, etyczne, ekonomiczne, psychologiczne aspekty i skutki działalności inżynierskiej ukierunkowanej na narzędzia matematyczne i informatyczne wspomagające procesy zarządcze i biznesowe oraz przedsięwzięcia realizowane w formie projektów, w tym jej wpływu na środowisko i związanej z tym odpowiedzialności za podejmowane decyzje. Rozumie istotę etyki w biznesie oraz potrafi interpretować jej zasady.","Social Competences"
"K1_IZ_K02","Potrafi współdziałać i pracować w grupowych i zespołowych formach organizacji pracy (przyjmując w nich różne role). Potrafi organizować pracę małych zespołów i nimi kierować.","Social Competences"
"K1_IZ_K03","Jest przygotowany do brania odpowiedzialności za powierzone mu zadania. Potrafi odpowiednio określać priorytety w pracy własnej i we współpracy z innymi w związku z pełnieniem różnych ról organizacyjnych.","Social Competences"
"K1_IZ_K04","Jest przygotowany do identyfikowania, analizowania i rozstrzygania problemów zawodowych i społecznych w miejscu pracy. Potrafi elastycznie poszukiwać sposobów ich rozwiązywania.","Social Competences"
"K1_IZ_K05","Ma świadomość roli społecznej absolwenta uczelni technicznej, rozumie potrzebę uczestniczenia w przygotowaniu projektów społecznych oraz formułowania i przekazywania społeczeństwu, w sposób powszechnie zrozumiały, informacji i opinii dotyczących osiągnięć techniki i innych aspektów działalności inżynierskiej.","Social Competences"
"K1_IZ_K06","Jest przygotowany do inicjowania zmian w miejscu pracy i uczestnictwa w ich planowaniu i wdrażaniu. Potrafi myśleć i działać w sposób przedsiębiorczy.","Social Competences"
"K1_IZ_K07","Jest przygotowany do odpowiedzialnego pełnienia ról zawodowych z uwzględnieniem zmieniających się potrzeb społecznych. Potrafi posługiwać się językiem obcym na poziomie B2 ESOKJ Ma świadomość ważności systematycznej aktywności fizycznej dla zdrowia fizycznego i psychicznego","Social Competences"
