"Final_Bucket","Top_1","Top_2","Top_3","Top_4","Top_5","Top_6"
"AI_ARTIFICIAL_INTELLIGENCE","AI Tool Usage and Application (26)","Prompt Engineering (15)","AI/ML Model Development and Infrastructure (12)","General AI Knowledge and Proficiency (12)","AI Agents and Workflow Design (8)","Specific AI Tool Implementation (4)"
"BIG_DATA_DATABASES","Data Modeling and Schema Design (13)","Big Data Handling and Large Dataset Processing (12)","Master Data Management (MDM) (8)","Data Integration and Cleansing (7)","Database Management and Operations (7)","Data Warehousing and Architecture (6)"
"DATA_ANALYSIS_STATS","Analytical Thinking and Problem Solving (455)","Data Analysis and Reporting (203)","Data Compilation and Reporting (81)","Financial Analysis (62)","Market Analysis (42)","Business and Operational Analysis (27)"
"ERGONOMICS_WORKPLACE","Physical Stamina and Fitness (18)","Health and Safety Compliance (BHP/PPOŻ) (7)","Workplace Organization and Maintenance (7)","Safety Culture and Workplace Satisfaction (3)","Shift Work Availability (3-shift) (2)","Workplace Mobility and Movement (2)"
"E_COMMERCE_MARKETING","Social Media Management (33)","Content Creation and Copywriting (17)","E-commerce Knowledge (15)","Employer Branding (12)","Search Engine Optimization (SEO) (12)","Digital Marketing (9)"
"FINANCE_ACCOUNTING","Financial Reporting (97)","Full Accounting and Bookkeeping (64)","Financial Planning and Budgeting (56)","Tax and Accounting Regulations Knowledge (29)","Fixed Asset Management (11)","Tax Filing (7)"
"HR_RECRUITMENT","Recruitment Process Management (95)","HR Administration and Payroll Management (48)","Candidate Sourcing and Acquisition (21)","Onboarding and Employee Development (18)","Talent Strategy and Employer Branding (18)","Candidate Selection and Assessment (12)"
"INNOVATION_ENTREPRENEURSHIP","Innovation and Creative Concept Generation (58)","Product Development and Solution Implementation (21)","Initiative and Proactive Problem Solving (20)","Entrepreneurship and Business Development (20)","Strategic Innovation and Market Focus (15)","Process Improvement and Technology Adoption (12)"
"IT_SERVICES_CLOUD_UX","System Architecture and Design (32)","System Integration and Design (18)","UX/UI and Graphic Design (14)","Infrastructure and Scalability Management (12)","Technical Support and Troubleshooting (11)","Cybersecurity and System Security (4)"
"LEADERSHIP_DECISION_MAKING","Team Management and Supervision (167)","Decision Making (99)","Leadership and Vision (67)","Strategic Planning and Risk Management (45)","Autonomy and Initiative (34)","Execution and Performance Management (21)"
"LEGAL_ECONOMY_ESG","Labor Law and Social Security Compliance (98)","Tax and Accounting Law (46)","General Regulatory Compliance (24)","Specific Regulatory Tasks (16)","Regulatory Change Monitoring (6)","Contract Management (3)"
"MANAGEMENT_INFORMATION_SYSTEMS","Advanced MS Excel Proficiency (245)","General MS Office Suite Proficiency (157)","SAP System Expertise (110)","General ERP System Knowledge (75)","Business Analysis and IT Operations (46)","Specific Business System Knowledge (39)"
"OTHER_UNCLASSIFIED","Insurance Industry Knowledge (22)","Technical Drawing Interpretation (20)","FMCG Industry Knowledge (19)","Automotive Industry Knowledge (14)","Banking and Financial Services Knowledge (13)","Graphic Design and Creative Tool Proficiency (10)"
"PROCESS_OPTIMIZATION","Process Optimization and Improvement (349)","Work Organization and Planning (139)","Process Automation and Standardization (57)","Business Process Analysis and Modeling (49)","Cost Optimization (35)","Operational Problem Solving (29)"
"PRODUCTION_LOGISTICS","Warehouse and Inventory Operations (62)","Supply Chain Management (38)","Inventory Control and Management (33)","Forklift and Material Handling (32)","Production Environment Experience (19)","Logistics Documentation and Category Management (15)"
"PROGRAMMING_WEB","Software Design and Implementation (8)","CI/CD and Software Quality Assurance (4)","Prototyping and Low-Code Development (4)","API Design and Integration (2)","Requirements and Specification (2)","Technical Documentation and Code Review (2)"
"PROJECT_MANAGEMENT","Project Management (197)","Work Organization and Planning (96)","Agile and Scrum Methodologies (40)","Risk and Change Management (36)","Project Participation and HR Involvement (30)","Business Analysis and Requirements Gathering (29)"
"QUALITY_MANAGEMENT","Attention to Detail and Accuracy (59)","Auditing and Compliance (26)","Quality Management (24)","Quality Process Adherence (20)","Quality Control and Assurance (18)","Data Quality Assurance (15)"
"SOFT_INTERPERSONAL","Teamwork and Collaboration (1181)","Professional Communication (858)","Self-Management and Organization (647)","Analytical and Problem-Solving Skills (233)","Attention to Detail and Accuracy (230)","Responsibility and Commitment (165)"
"STAKEHOLDER_CLIENT_RELATIONS","Stakeholder and Client Relationship Management (354)","Client and Customer Relationship Management (106)","Negotiation and Conflict Resolution (81)","Cross-functional and External Partnership Management (80)","Client Acquisition and Business Development (42)","Supplier and Vendor Relationship Management (22)"
